tick,timestamp,total_orders,delivered,reassigned,failed,on_time_rate,avg_distance,agents_busy,cost_saved_inr
1,1774000700.5564063,100,1,1,0,100.0,25.19,20,328
1,1774000835.070812,100,1,1,0,100.0,25.19,20,328
1,1774000874.3457587,100,1,1,0,100.0,25.19,20,328
1,1774000906.8098722,100,1,1,0,100.0,25.19,20,328
1,1774000920.5475118,100,1,1,0,100.0,25.19,20,328
1,1774000947.003334,100,1,1,0,100.0,25.19,20,328
1,1774001014.2132883,100,1,1,0,100.0,25.19,20,328
1,1774001064.560818,100,1,1,0,100.0,25.19,20,328
1,1774001099.019605,100,1,1,0,100.0,25.19,20,328
1,1774001260.9204879,100,1,1,0,100.0,25.19,20,328
1,1774001278.180268,100,1,1,0,100.0,25.19,20,328
1,1774001524.8263812,100,1,1,0,100.0,25.19,20,328
1,1774001536.8200657,100,1,1,0,100.0,25.19,20,328
1,1774001778.8556862,100,1,1,0,100.0,25.19,20,328
1,1774019255.9367795,100,1,1,0,100.0,25.19,20,328
1,1774020115.3488657,100,1,1,0,100.0,25.19,20,328
1,1774020220.1002498,100,1,1,0,100.0,25.19,20,328
1,1774020249.0596516,100,1,1,0,100.0,25.19,20,328
1,1774020928.2715704,100,1,1,0,100.0,25.19,20,328
1,1774021255.9429872,100,1,1,0,100.0,25.19,20,328
1,1774022074.2960749,100,1,1,0,100.0,25.19,20,328
1,1774022528.6881568,100,1,1,0,100.0,25.19,20,328
1,1774022568.6160758,120,1,1,0,100.0,30.58,25,263
1,1774022587.1336255,150,3,0,0,100.0,25.64,30,967
1,1774022636.2421014,100,0,0,1,0.0,24.49,20,0
1,1774022741.0467958,100,1,1,0,100.0,25.19,20,328
1,1774022809.6209977,100,1,1,0,100.0,25.19,20,328
1,1774022847.1745486,100,1,1,0,100.0,25.19,20,328
1,1774022857.8925583,100,1,1,0,100.0,25.19,20,328
1,1774022873.642602,100,1,1,0,100.0,25.19,20,328
1,1774023206.6529546,100,1,1,0,100.0,25.19,20,328
1,1774023294.3697944,120,1,1,0,100.0,30.58,25,263
1,1774023424.9767115,100,0,0,1,0.0,24.49,20,0
1,1774025466.276169,100,1,1,0,100.0,25.19,20,328
1,1774026005.674979,100,1,1,0,100.0,25.19,20,328
1,1774026023.8362002,100,1,1,0,100.0,25.19,20,328
1,1774026054.9523132,100,1,1,0,100.0,25.19,20,328
1,1774026073.721408,100,1,1,0,100.0,25.19,20,328
2,1774000703.576805,103,1,1,0,100.0,25.91,20,319
2,1774000838.096586,103,1,1,0,100.0,25.91,20,319
2,1774000877.3646169,103,1,1,0,100.0,25.91,20,319
2,1774000909.8194954,103,1,1,0,100.0,25.91,20,319
2,1774000923.5754926,103,1,1,0,100.0,25.91,20,319
2,1774021258.956434,103,1,1,0,100.0,25.91,20,319
2,1774022077.340102,103,1,1,0,100.0,25.91,20,319
2,1774022531.7089016,103,1,1,0,100.0,25.91,20,319
2,1774022571.7237725,123,1,2,1,50.0,29.48,25,276
2,1774022590.1546721,153,4,1,0,100.0,25.28,30,1307
2,1774022639.2614763,108,1,0,1,50.0,25.72,20,321
2,1774022744.055006,103,1,1,0,100.0,25.91,20,319
2,1774022812.6311204,103,1,1,0,100.0,25.91,20,319
2,1774022860.938497,103,1,1,0,100.0,25.91,20,319
2,1774022876.6606774,103,1,1,0,100.0,25.91,20,319
2,1774023209.6667166,103,1,1,0,100.0,25.91,20,319
2,1774023297.385189,123,1,2,1,50.0,29.48,25,276
2,1774023427.9864066,108,1,0,1,50.0,25.72,20,321
2,1774025469.290529,103,1,1,0,100.0,25.91,20,319
2,1774026008.7027688,103,1,1,0,100.0,25.91,20,319
2,1774026028.9481826,103,1,1,0,100.0,25.91,20,319
2,1774026057.96066,103,1,1,0,100.0,25.91,20,319
2,1774026076.7382088,103,1,1,0,100.0,25.91,20,319
3,1774000706.6005504,103,2,1,0,100.0,25.82,20,641
3,1774000841.1098475,103,2,1,0,100.0,25.82,20,641
3,1774000880.3769238,103,2,1,0,100.0,25.82,20,641
3,1774000912.8345702,103,2,1,0,100.0,25.82,20,641
3,1774000926.5997076,103,2,1,0,100.0,25.82,20,641
3,1774021261.9661994,103,2,1,0,100.0,25.82,20,641
3,1774022080.3546467,103,2,1,0,100.0,25.82,20,641
3,1774022534.7207196,103,2,1,0,100.0,25.82,20,641
3,1774022574.8369746,123,2,2,1,66.7,29.21,25,559
3,1774022593.1654446,153,5,1,0,100.0,25.09,30,1645
3,1774022642.278326,108,1,0,2,33.3,24.53,20,336
3,1774022747.065669,103,2,1,0,100.0,25.82,20,641
3,1774022815.7142668,103,2,1,0,100.0,25.82,20,641
3,1774022863.9582858,103,2,1,0,100.0,25.82,20,641
3,1774022879.6724648,103,2,1,0,100.0,25.82,20,641
3,1774023212.6787333,103,2,1,0,100.0,25.82,20,641
3,1774023300.4357674,123,2,2,1,66.7,29.21,25,559
3,1774023430.9952393,108,1,0,2,33.3,24.53,20,336
3,1774025472.3044128,103,2,1,0,100.0,25.82,20,641
3,1774026011.7425537,103,2,1,0,100.0,25.82,20,641
3,1774026033.9910743,103,2,1,0,100.0,25.82,20,641
3,1774026060.9728832,103,2,1,0,100.0,25.82,20,641
3,1774026079.748892,103,2,1,0,100.0,25.82,20,641
4,1774000709.681736,106,3,1,0,100.0,26.64,20,931
4,1774000844.1248813,106,3,1,0,100.0,26.64,20,931
4,1774000883.4659414,106,3,1,0,100.0,26.64,20,931
4,1774000915.8535275,106,3,1,0,100.0,26.64,20,931
4,1774000929.7167587,106,3,1,0,100.0,26.64,20,931
4,1774021264.980545,106,3,1,0,100.0,26.64,20,931
4,1774022541.1852431,106,3,1,0,100.0,26.64,20,931
4,1774022577.8479252,126,3,2,1,75.0,29.52,25,828
4,1774022596.2037473,161,5,1,0,100.0,25.3,30,1633
4,1774022645.293505,116,2,0,2,50.0,25.38,20,651
4,1774022750.0730987,106,3,1,0,100.0,26.64,20,931
4,1774022818.7257316,106,3,1,0,100.0,26.64,20,931
4,1774022882.6940217,106,3,1,0,100.0,26.64,20,931
4,1774023215.6899757,106,3,1,0,100.0,26.64,20,931
4,1774023303.5455923,126,3,2,1,75.0,29.52,25,828
4,1774023434.0128958,116,2,0,2,50.0,25.38,20,651
4,1774025475.4395769,106,3,1,0,100.0,26.64,20,931
4,1774026037.0108275,106,3,1,0,100.0,26.64,20,931
4,1774026063.982259,106,3,1,0,100.0,26.64,20,931
4,1774026082.7602336,106,3,1,0,100.0,26.64,20,931
5,1774000712.7175615,106,5,1,0,100.0,27.19,20,1519
5,1774000847.1527016,106,5,1,0,100.0,27.19,20,1519
5,1774000886.4836087,106,5,1,0,100.0,27.19,20,1519
5,1774000932.7858274,106,5,1,0,100.0,27.19,20,1519
5,1774021268.0468423,106,5,1,0,100.0,27.19,20,1519
5,1774022545.6864398,106,5,1,0,100.0,27.19,20,1519
5,1774022580.9595416,126,6,3,1,85.7,29.94,25,1625
5,1774022599.2135587,161,8,2,0,100.0,25.75,30,2569
5,1774022648.3186982,116,2,0,2,50.0,25.11,20,658
5,1774022753.1347318,106,5,1,0,100.0,27.19,20,1519
5,1774022821.7396712,106,5,1,0,100.0,27.19,20,1519
5,1774022885.7065628,106,5,1,0,100.0,27.19,20,1519
5,1774023218.7058136,106,5,1,0,100.0,27.19,20,1519
5,1774023306.5603683,126,6,3,1,85.7,29.94,25,1625
5,1774023437.026342,116,2,0,2,50.0,25.11,20,658
5,1774025478.567822,106,5,1,0,100.0,27.19,20,1519
5,1774026040.0470726,106,5,1,0,100.0,27.19,20,1519
5,1774026066.9910746,106,5,1,0,100.0,27.19,20,1519
5,1774026085.775014,106,5,1,0,100.0,27.19,20,1519
6,1774000715.736248,109,7,2,0,100.0,27.59,20,2093
6,1774000850.1746902,109,7,2,0,100.0,27.59,20,2093
6,1774000889.4949205,109,7,2,0,100.0,27.59,20,2093
6,1774000935.7976112,109,7,2,0,100.0,27.59,20,2093
6,1774021271.1449635,109,7,2,0,100.0,27.59,20,2093
6,1774022550.4574134,109,7,2,0,100.0,27.59,20,2093
6,1774022584.0316274,129,7,3,1,87.5,30.82,25,1822
6,1774022602.228207,169,8,2,0,100.0,25.59,30,2584
6,1774022651.384507,124,2,0,2,50.0,24.89,20,663
6,1774022756.2360318,109,7,2,0,100.0,27.59,20,2093
6,1774022824.7554057,109,7,2,0,100.0,27.59,20,2093
6,1774022888.7165396,109,7,2,0,100.0,27.59,20,2093
6,1774023221.720612,109,7,2,0,100.0,27.59,20,2093
6,1774023309.5700834,129,7,3,1,87.5,30.82,25,1822
6,1774023440.393354,124,2,0,2,50.0,24.89,20,663
6,1774025481.5879912,109,7,2,0,100.0,27.59,20,2093
6,1774026043.0571835,109,7,2,0,100.0,27.59,20,2093
6,1774026088.7866676,109,7,2,0,100.0,27.59,20,2093
7,1774000718.7471576,109,9,2,0,100.0,28.25,20,2620
7,1774000853.194793,109,9,2,0,100.0,28.25,20,2620
7,1774000892.5111797,109,9,2,0,100.0,28.25,20,2620
7,1774000938.8187437,109,9,2,0,100.0,28.25,20,2620
7,1774021274.1542966,109,9,2,0,100.0,28.25,20,2620
7,1774022553.493557,109,9,2,0,100.0,28.25,20,2620
7,1774022605.2409077,169,8,2,0,100.0,25.4,30,2603
7,1774022656.8232179,124,4,0,2,66.7,25.52,20,1296
7,1774022759.2485206,109,9,2,0,100.0,28.25,20,2620
7,1774022827.7716424,109,9,2,0,100.0,28.25,20,2620
7,1774023224.7374854,109,9,2,0,100.0,28.25,20,2620
7,1774023312.5776796,129,7,3,1,87.5,30.47,25,1851
7,1774023443.4101524,124,4,0,2,66.7,25.52,20,1296
7,1774025484.6027665,109,9,2,0,100.0,28.25,20,2620
7,1774026046.0672898,109,9,2,0,100.0,28.25,20,2620
7,1774026091.7997499,109,9,2,0,100.0,28.25,20,2620
8,1774000721.773486,112,11,2,0,100.0,30.16,20,2950
8,1774000856.2134666,112,11,2,0,100.0,30.16,20,2950
8,1774000895.525242,112,11,2,0,100.0,30.16,20,2950
8,1774000941.8275752,112,11,2,0,100.0,30.16,20,2950
8,1774021277.1705093,112,11,2,0,100.0,30.16,20,2950
8,1774022556.5624661,112,11,2,0,100.0,30.16,20,2950
8,1774022608.2964904,177,8,2,0,100.0,25.24,30,2618
8,1774022660.3250828,132,5,0,2,71.4,25.79,20,1603
8,1774022762.2643461,112,11,2,0,100.0,30.16,20,2950
8,1774022830.7825782,112,11,2,0,100.0,30.16,20,2950
8,1774023227.7509294,112,11,2,0,100.0,30.16,20,2950
8,1774023315.638166,132,7,3,1,87.5,30.41,25,1856
8,1774023446.420905,132,5,0,2,71.4,25.79,20,1603
8,1774025487.6200883,112,11,2,0,100.0,30.16,20,2950
8,1774026049.0757902,112,11,2,0,100.0,30.16,20,2950
8,1774026094.8203511,112,11,2,0,100.0,30.16,20,2950
9,1774000724.848817,112,13,2,0,100.0,30.81,20,3385
9,1774000859.2301695,112,13,2,0,100.0,30.81,20,3385
9,1774021280.1862776,112,13,2,0,100.0,30.81,20,3385
9,1774022559.5814748,112,13,2,0,100.0,30.81,20,3385
9,1774022611.3828597,177,9,2,0,100.0,25.38,30,2930
9,1774022663.3458464,132,5,0,3,62.5,24.45,20,1684
9,1774022765.2806933,112,13,2,0,100.0,30.81,20,3385
9,1774022833.9228857,112,13,2,0,100.0,30.81,20,3385
9,1774023230.7702422,112,13,2,0,100.0,30.81,20,3385
9,1774023318.739313,132,8,3,1,88.9,30.51,25,2112
9,1774023449.4293704,132,5,0,3,62.5,24.45,20,1684
9,1774025490.6321833,112,13,2,0,100.0,30.81,20,3385
9,1774026097.8329818,112,13,2,0,100.0,30.81,20,3385
10,1774000727.880096,115,13,2,0,100.0,30.66,20,3409
10,1774000862.2450337,115,13,2,0,100.0,30.66,20,3409
10,1774021283.2006848,115,13,2,0,100.0,30.66,20,3409
10,1774022562.5943563,115,13,2,0,100.0,30.66,20,3409
10,1774022614.4062767,185,10,2,0,100.0,25.93,30,3190
10,1774022666.370744,140,7,1,3,70.0,25.56,20,2264
10,1774022768.2937365,115,13,2,0,100.0,30.66,20,3409
10,1774023233.7933471,115,13,2,0,100.0,31.23,20,3320
10,1774023321.7520616,135,9,4,1,90.0,30.54,25,2373
10,1774023452.589137,140,7,1,3,70.0,25.56,20,2264
10,1774025493.651105,115,13,2,0,100.0,30.66,20,3409
10,1774026100.8454132,115,13,2,0,100.0,30.66,20,3409
11,1774000730.911181,115,15,2,0,100.0,31.43,20,3794
11,1774000865.3228607,115,15,2,0,100.0,31.43,20,3794
11,1774021286.2143128,115,15,2,0,100.0,31.43,20,3794
11,1774022565.6051326,115,15,2,0,100.0,31.43,20,3794
11,1774022617.42858,185,12,3,0,100.0,26.2,30,3789
11,1774022669.3986135,140,9,1,3,75.0,26.33,20,2827
11,1774022771.3084762,115,15,2,0,100.0,31.43,20,3794
11,1774023236.830534,115,15,2,0,100.0,32.0,20,3692
11,1774023324.7633193,135,11,4,1,91.7,31.0,25,2839
11,1774023455.6866581,140,9,1,3,75.0,26.33,20,2827
11,1774025496.664612,115,15,2,0,100.0,31.43,20,3794
11,1774026103.860996,115,15,2,0,100.0,31.43,20,3794
12,1774000733.944914,118,18,2,0,100.0,32.54,20,4314
12,1774000868.4955397,118,18,2,0,100.0,32.54,20,4314
12,1774021289.225752,118,18,2,0,100.0,32.54,20,4314
12,1774022620.493763,193,13,3,0,100.0,26.78,30,4014
12,1774022672.4340549,148,9,1,3,75.0,27.1,20,2744
12,1774022774.327617,118,18,2,0,100.0,32.54,20,4314
12,1774023239.8795357,118,18,2,0,100.0,33.86,20,4028
12,1774023327.7847927,138,13,5,1,92.9,31.1,24,3340
12,1774023458.7005084,148,9,1,3,75.0,27.1,20,2744
12,1774025499.6772318,118,18,2,0,100.0,32.54,20,4314
12,1774026106.8713374,118,18,2,0,100.0,32.54,20,4314
13,1774000736.969449,118,19,2,0,100.0,32.77,20,4501
13,1774021292.234619,118,19,2,0,100.0,32.77,20,4501
13,1774022624.0819876,193,14,5,2,87.5,26.24,30,4413
13,1774022675.4708881,148,11,1,3,78.6,27.96,20,3241
13,1774022777.3392882,118,19,2,0,100.0,32.77,20,4501
13,1774023242.895035,118,19,2,0,100.0,34.1,20,4197
13,1774023330.7967534,138,13,5,1,92.9,30.68,24,3405
13,1774023461.7173629,148,11,1,3,78.6,27.96,20,3241
13,1774025502.775857,118,19,2,0,100.0,32.77,20,4501
13,1774026109.882917,118,19,2,0,100.0,32.77,20,4501
14,1774000740.0835948,121,22,2,0,100.0,34.23,20,4826
14,1774021295.2572093,121,22,2,0,100.0,34.23,20,4826
14,1774022627.1809347,201,16,6,2,88.9,27.58,30,4787
14,1774022678.4882705,156,11,1,3,78.6,28.05,20,3229
14,1774022780.3542004,121,22,2,0,100.0,34.23,20,4826
14,1774023245.910103,121,22,2,0,100.0,35.5,20,4491
14,1774023333.8100033,141,16,5,1,94.1,32.01,25,3936
14,1774023464.756628,156,11,1,3,78.6,28.05,20,3229
14,1774025505.987932,121,22,2,0,100.0,35.52,20,4485
14,1774026112.8946807,121,22,2,0,100.0,34.23,20,4826
15,1774000743.2055593,121,22,2,0,100.0,33.8,20,4939
15,1774021298.2665088,121,22,2,0,100.0,33.8,20,4939
15,1774022630.1986523,201,18,7,2,90.0,28.01,30,5292
15,1774022681.5036654,156,13,1,3,81.2,28.8,20,3699
15,1774022783.363516,121,22,2,0,100.0,33.8,20,4939
15,1774023248.9278045,121,22,2,0,100.0,35.04,20,4612
15,1774023336.8230782,141,16,6,1,94.1,31.54,25,4026
15,1774023467.767172,156,13,1,3,81.2,28.8,20,3699
15,1774025508.998808,121,22,2,0,100.0,35.06,20,4607
15,1774026115.9031854,121,22,2,0,100.0,33.8,20,4939
16,1774000746.2334378,124,22,2,0,100.0,32.75,20,5217
16,1774021301.2740755,124,22,2,0,100.0,32.75,20,5217
16,1774022633.2205896,209,19,8,2,90.5,28.23,30,5536
16,1774022684.5180495,159,13,2,3,81.2,28.2,20,3792
16,1774022786.370867,124,22,2,0,100.0,32.75,20,5217
16,1774023251.944521,124,22,2,0,100.0,34.54,20,4744
16,1774023339.9489357,144,17,7,1,94.4,31.96,25,4192
16,1774023470.7811985,164,13,2,3,81.2,28.91,20,3682
16,1774025512.008667,124,22,2,0,100.0,34.82,20,4670
16,1774026118.915111,124,22,2,0,100.0,32.75,20,5217
17,1774000749.2514274,124,23,2,0,100.0,32.9,20,5412
17,1774021304.2832139,124,23,2,0,100.0,32.9,20,5412
17,1774022687.527803,159,15,3,3,83.3,28.61,20,4302
17,1774022789.3848,124,23,2,0,100.0,32.9,20,5412
17,1774023254.9586606,124,23,2,0,100.0,34.68,20,4921
17,1774023343.0195792,144,19,7,1,95.0,32.48,25,4567
17,1774023473.7965071,164,13,2,4,76.5,28.14,20,3802
17,1774025515.088649,124,23,2,0,100.0,35.04,20,4822
17,1774026121.9256182,124,23,2,0,100.0,32.9,20,5412
18,1774000752.3301003,127,24,2,0,100.0,34.36,20,5227
18,1774021307.3020897,127,24,2,0,100.0,34.36,20,5227
18,1774022690.6314766,162,18,3,3,85.7,30.15,20,4830
18,1774022792.4047925,127,24,2,0,100.0,34.36,20,5227
18,1774023257.9712558,127,23,2,0,100.0,34.34,20,5015
18,1774023346.031658,147,20,7,1,95.2,32.72,25,4750
18,1774023476.939526,172,15,3,4,78.9,29.43,20,4154
18,1774025518.173386,127,24,2,0,100.0,36.28,20,4674
18,1774026124.94167,127,24,2,0,100.0,34.36,20,5227
19,1774000755.4023967,127,26,3,0,100.0,34.89,20,5497
19,1774021310.436772,127,26,3,0,100.0,34.89,20,5497
19,1774022693.730326,162,20,3,3,87.0,30.83,20,5203
19,1774022795.4377363,127,26,3,0,100.0,34.89,20,5497
19,1774023260.985597,127,25,2,0,100.0,35.0,20,5253
19,1774023349.039523,147,23,7,1,95.8,33.72,25,5186
19,1774023480.0374465,172,18,3,4,81.8,30.74,20,4702
19,1774025521.1873293,127,26,2,0,100.0,37.02,20,4833
19,1774026127.9521108,127,26,3,0,100.0,34.89,20,5497
20,1774000758.564106,130,27,3,0,100.0,35.85,20,5398
20,1774021313.4701521,130,27,3,0,100.0,35.85,20,5398
20,1774022696.7457075,165,22,3,3,88.0,32.03,20,5407
20,1774022798.4469013,130,27,3,0,100.0,35.85,20,5398
20,1774023264.0479019,130,26,2,0,100.0,35.64,20,5263
20,1774023352.0588841,155,24,7,1,96.0,33.64,25,5435
20,1774023483.0567846,180,19,3,4,82.6,31.69,20,4747
20,1774025524.205664,130,27,2,0,100.0,38.11,20,4666
20,1774026131.0173855,130,27,3,0,100.0,35.85,20,5398
21,1774000761.5845556,130,29,4,0,100.0,36.09,20,5714
21,1774021316.4865117,130,29,4,0,100.0,36.09,20,5714
21,1774022699.761561,165,22,5,3,88.0,30.3,20,5863
21,1774022801.456349,130,29,4,0,100.0,36.09,20,5714
21,1774023267.0645058,130,28,3,0,100.0,35.76,20,5628
21,1774023355.0952454,155,24,7,3,88.9,33.0,25,5619
21,1774023486.090521,180,20,3,4,83.3,31.96,20,4932
21,1774025527.271695,130,29,2,0,100.0,38.98,20,4708
21,1774026134.1281908,130,29,4,0,100.0,36.09,20,5714
22,1774000764.605539,133,29,5,0,100.0,35.61,20,5881
22,1774021319.5040395,133,29,5,0,100.0,35.61,20,5881
22,1774022702.7770329,168,22,6,3,88.0,31.12,20,5647
22,1774023270.0785732,133,28,4,0,100.0,34.94,20,5904
22,1774023358.1081734,163,24,7,4,85.7,32.87,25,5656
22,1774023489.1134377,188,20,3,4,83.3,31.86,20,4956
22,1774025530.369979,133,29,3,0,100.0,38.38,20,4917
22,1774026137.1392918,133,29,5,0,100.0,35.61,20,5881
23,1774000767.6384454,133,31,5,0,100.0,36.58,20,5926
23,1774021322.5208673,133,31,5,0,100.0,36.58,20,5926
23,1774022705.7926927,168,23,6,4,85.2,30.5,20,6075
23,1774023273.0882945,133,30,4,0,100.0,35.73,20,6041
23,1774023361.1278534,163,25,8,5,83.3,32.36,25,6045
23,1774023492.1251614,188,22,3,4,84.6,32.66,20,5240
23,1774025533.3765216,133,31,4,0,100.0,39.37,20,4888
23,1774026140.161906,133,31,5,0,100.0,36.58,20,5926
24,1774000770.6794207,136,33,5,0,100.0,37.91,20,5782
24,1774021325.6062064,136,33,5,0,100.0,37.91,20,5782
24,1774022708.8060384,171,23,6,4,85.2,30.51,20,6072
24,1774023276.1034446,136,32,4,0,100.0,36.37,20,6198
24,1774023364.1465828,171,26,8,5,83.9,32.61,25,6209
24,1774023495.1343985,196,22,4,4,84.6,32.99,20,5153
24,1774025536.4598901,136,33,4,0,100.0,39.98,20,4962
24,1774026143.247169,136,33,5,0,100.0,37.91,20,5782
25,1774000773.703017,136,34,6,0,100.0,38.11,20,5875
25,1774021328.675027,136,34,6,0,100.0,38.11,20,5875
25,1774022711.8137262,171,25,7,4,86.2,31.02,20,6447
25,1774023279.1232533,136,33,4,0,100.0,36.47,20,6352
25,1774023367.1730628,171,26,8,5,83.9,32.51,25,6240
25,1774025539.5571468,136,34,5,0,100.0,40.1,20,5063
25,1774026146.312486,136,34,6,0,100.0,38.11,20,5875
26,1774000776.7234867,139,35,6,0,100.0,39.0,20,5674
26,1774021331.6908224,139,35,6,0,100.0,39.0,20,5674
26,1774022714.8254242,174,25,7,4,86.2,30.97,20,6462
26,1774023282.1436963,139,34,4,0,100.0,37.58,20,6091
26,1774023370.1824229,179,26,8,5,83.9,32.43,25,6265
26,1774025542.5675972,139,35,5,0,100.0,39.65,20,5401
26,1774026149.3231227,139,35,6,0,100.0,39.32,20,5540
27,1774000779.7499106,139,36,6,0,100.0,39.19,20,5754
27,1774021334.7073412,139,36,6,0,100.0,39.19,20,5754
27,1774022717.8358517,174,27,7,4,87.1,31.55,20,6791
27,1774023285.1545026,139,35,4,0,100.0,37.67,20,6233
27,1774023373.1930583,179,28,8,5,84.8,33.15,25,6505
27,1774025545.5765362,139,36,5,0,100.0,39.79,20,5495
27,1774026152.407768,139,36,6,0,100.0,39.49,20,5625
28,1774000782.7766368,142,36,7,0,100.0,39.36,20,5681
28,1774021337.7241058,142,36,7,0,100.0,39.36,20,5681
28,1774022720.8462477,177,27,8,4,87.1,31.24,20,6891
28,1774023288.171324,142,35,4,0,100.0,37.87,20,6149
28,1774023376.2397707,187,28,8,5,84.8,33.61,25,6350
28,1774025548.58364,142,36,5,0,100.0,40.5,20,5188
28,1774026155.4285178,142,36,7,0,100.0,39.32,20,5698
29,1774000785.8559268,142,39,10,0,100.0,40.28,20,5724
29,1774021340.9042754,142,39,10,0,100.0,40.28,20,5724
29,1774022723.855465,177,30,8,4,88.2,32.45,20,7222
29,1774023291.2537763,142,38,4,0,100.0,39.34,20,6006
29,1774023379.2608352,187,29,8,5,85.3,33.87,25,6487
29,1774025551.5950203,142,39,5,0,100.0,42.08,20,4881
29,1774026158.4441202,142,39,10,0,100.0,40.74,20,5508
30,1774000788.888683,145,39,11,0,100.0,39.05,20,6299
30,1774021343.9895785,145,39,11,0,100.0,39.05,20,6299
30,1774022726.9915717,180,32,8,4,88.9,32.82,20,7561
30,1774023382.2675827,195,30,8,5,85.7,34.29,25,6559
30,1774025554.6101573,145,39,5,0,100.0,42.28,20,4788
30,1774026161.4596567,145,39,11,0,100.0,40.6,20,5574
31,1774000791.9077935,145,39,11,1,97.5,38.35,20,6627
31,1774021347.0032017,145,39,11,1,97.5,38.35,20,6627
31,1774022730.015495,180,33,8,4,89.2,33.07,20,7698
31,1774023385.2795467,195,30,8,8,78.9,32.98,25,7031
31,1774025557.6213086,145,39,5,1,97.5,41.54,20,5134
31,1774026164.4756975,145,39,11,1,97.5,39.93,20,5887
32,1774000794.9258668,148,39,11,1,97.5,37.57,20,6992
32,1774021350.0179558,148,39,11,1,97.5,37.57,20,6992
32,1774022733.0291033,183,35,8,4,89.7,34.1,20,7732
32,1774023388.3820846,203,31,10,8,79.5,33.32,25,7139
32,1774025560.6304939,148,39,5,1,97.5,40.65,20,5550
32,1774026167.505403,148,39,11,1,97.5,39.4,20,6135
33,1774000797.94441,148,40,11,1,97.6,37.86,20,7032
33,1774021353.0474482,148,40,11,1,97.6,37.86,20,7032
33,1774023391.396432,203,32,10,8,80.0,33.58,25,7269
33,1774025563.646067,148,40,5,1,97.6,40.85,20,5597
33,1774026170.516058,148,40,11,1,97.6,39.66,20,6168
34,1774000800.970958,151,41,11,1,97.6,38.71,20,6790
34,1774021356.0659747,151,41,11,1,97.6,38.71,20,6790
34,1774023394.4027312,211,32,10,8,80.0,33.36,25,7354
34,1774025566.6703255,151,41,5,1,97.6,41.69,20,5323
34,1774026173.5257292,151,41,11,1,97.6,39.53,20,6386
35,1774000803.9939337,151,41,11,1,97.6,38.41,20,6937
35,1774021359.0809572,151,41,11,1,97.6,38.41,20,6937
35,1774023397.4189136,211,34,11,8,81.0,33.58,25,7723
35,1774025569.682613,151,41,5,2,95.3,40.4,20,5958
35,1774026176.5335844,151,41,11,1,97.6,39.22,20,6539
36,1774000807.018263,154,42,11,1,97.7,39.59,20,6512
36,1774021362.0941818,154,42,11,1,97.7,39.59,20,6512
36,1774023400.5807605,219,35,12,9,79.5,32.66,25,8337
36,1774025572.6983984,154,42,5,2,95.5,40.73,20,5937
36,1774026179.630239,154,42,11,1,97.7,39.64,20,6486
37,1774000810.1256526,154,43,11,1,97.7,39.96,20,6476
37,1774021365.1114893,154,43,11,1,97.7,39.96,20,6476
37,1774023403.714067,219,35,12,9,79.5,32.48,25,8413
37,1774025575.7101352,154,42,5,2,95.5,40.35,20,6129
37,1774026182.7139945,154,43,11,1,97.7,39.99,20,6460
38,1774000813.1466575,157,44,11,1,97.8,40.07,20,6568
38,1774021368.1668677,157,44,11,1,97.8,40.07,20,6568
38,1774023406.728281,227,36,12,9,80.0,32.71,25,8554
38,1774025578.7271388,157,43,5,2,95.6,40.62,20,6135
38,1774026185.7272608,157,44,11,1,97.8,40.52,20,6331
39,1774000816.1685476,157,45,12,1,97.8,39.56,20,6993
39,1774021371.253841,157,45,12,1,97.8,39.56,20,6993
39,1774023409.75113,227,37,12,10,78.7,33.04,25,8645
39,1774025581.743062,157,44,6,2,95.7,39.96,20,6626
39,1774026188.7334619,157,45,12,1,97.8,39.97,20,6772
40,1774000819.1848102,160,46,13,1,97.9,39.78,20,7027
40,1774021374.2714667,160,46,13,1,97.9,39.78,20,7027
40,1774023412.773455,235,37,12,10,78.7,33.04,25,8645
40,1774025584.7566857,160,45,6,2,95.7,40.4,20,6539
40,1774026191.7393904,160,46,13,1,97.9,41.02,20,6342
41,1774000822.2118988,160,47,13,1,97.9,40.03,20,7039
41,1774021377.288153,160,47,13,1,97.9,40.03,20,7039
41,1774023415.7867796,235,37,12,10,78.7,32.83,25,8738
41,1774025587.7697153,160,46,6,2,95.8,40.51,20,6624
41,1774026194.7496579,160,47,13,1,97.9,41.25,20,6351
42,1774000825.2694452,163,47,13,1,97.9,39.66,20,7247
42,1774021380.3030925,163,47,13,1,97.9,39.66,20,7247
42,1774023418.8816133,243,38,12,10,79.2,33.41,25,8710
42,1774025590.7828941,163,46,6,2,95.8,40.42,20,6674
42,1774026197.7562702,163,47,13,1,97.9,41.42,20,6255
43,1774000828.2915123,163,47,13,1,97.9,39.27,20,7467
43,1774021383.3289292,163,47,13,1,97.9,39.27,20,7467
43,1774023421.9648855,243,39,13,10,79.6,33.49,25,8901
43,1774025593.7973967,163,46,6,3,93.9,39.47,20,7198
43,1774026200.7627277,163,47,13,1,97.9,41.0,20,6492
44,1774021386.4302797,166,49,14,1,98.0,40.58,20,7015
44,1774025596.8158917,166,48,7,3,94.1,42.18,20,5950
44,1774026203.7703776,166,49,14,1,98.0,42.36,20,5968
45,1774021389.4460294,166,52,15,1,98.1,41.33,20,6976
45,1774025599.942302,166,50,8,3,94.3,42.92,20,5754
45,1774026206.7777412,166,52,18,1,98.1,42.19,20,6440
46,1774021392.4597468,169,52,15,1,98.1,39.97,20,7825
46,1774025603.022509,169,50,8,3,94.3,41.81,20,6420
46,1774026209.7865212,169,52,18,2,96.3,40.67,20,7388
47,1774021395.4975545,169,52,15,1,98.1,39.32,20,8231
47,1774025606.0396953,169,50,8,3,94.3,41.04,20,6882
47,1774026212.7932086,169,52,19,2,96.3,39.07,20,8387
48,1774021398.5807276,172,53,15,1,98.1,39.43,20,8319
48,1774025609.0664115,172,51,9,3,94.4,40.1,20,7595
48,1774026215.7994804,172,53,19,2,96.4,39.27,20,8421
49,1774021401.596271,172,54,16,1,98.2,39.43,20,8476
49,1774025612.097715,172,52,9,3,94.5,40.0,20,7806
49,1774026218.8454778,172,54,20,2,96.4,39.22,20,8612
50,1774021404.6122067,175,56,16,1,98.2,40.72,20,7923
50,1774025615.1053545,175,54,10,3,94.7,41.11,20,7387
50,1774026221.8950765,175,56,20,2,96.6,40.25,20,8239
51,1774021407.6449175,175,56,16,1,98.2,39.83,20,8521
51,1774025618.1098871,175,55,10,3,94.8,40.74,20,7768
51,1774026224.9088774,175,56,20,3,94.9,39.1,20,9012
52,1774021410.6895652,178,56,16,1,98.2,38.99,20,9085
52,1774025621.115322,178,55,10,3,94.8,39.81,20,8382
52,1774026227.9157934,178,56,20,3,94.9,38.24,20,9589
53,1774021413.702181,178,59,16,1,98.3,40.12,20,8772
53,1774025624.1259167,178,56,10,3,94.9,39.48,20,8756
53,1774026230.9268987,178,58,20,3,95.1,38.67,20,9633
54,1774021416.7151518,181,59,16,1,98.3,40.12,20,8772
54,1774025627.1357512,181,57,10,3,95.0,38.94,20,9282
54,1774026233.9409444,181,58,20,3,95.1,37.25,20,10621
55,1774021419.7841387,181,59,16,2,96.7,39.05,20,9530
55,1774025630.1418834,181,57,10,3,95.0,37.95,20,9959
55,1774026236.9697802,181,58,20,3,95.1,36.42,20,11199
56,1774021422.8092637,184,59,16,2,96.7,38.92,20,9622
56,1774025633.1491776,184,58,10,3,95.1,37.47,20,10468
56,1774026240.100317,184,58,20,3,95.1,35.65,20,11735
57,1774021425.8233802,184,59,16,2,96.7,38.12,20,10188
57,1774025636.1582425,184,59,11,3,95.2,36.86,20,11080
57,1774026243.1142154,184,58,20,3,95.1,34.94,20,12229
58,1774021428.8403392,187,60,16,2,96.8,37.72,20,10649
58,1774025639.1702604,187,60,12,3,95.2,36.81,20,11304
58,1774026246.1260805,187,59,21,3,95.2,35.13,20,12305
59,1774021431.8564873,187,60,16,2,96.8,36.93,20,11218
59,1774025642.1948874,187,61,13,3,95.3,36.02,20,12071
59,1774026249.1401844,187,59,21,3,95.2,34.47,20,12772
60,1774021434.870706,190,61,17,2,96.8,36.3,20,11866
60,1774025645.2015028,190,62,15,3,95.4,35.64,20,12551
60,1774026252.1632257,190,60,22,3,95.2,34.25,20,13147
61,1774021437.888057,190,62,17,2,96.9,35.99,20,12291
61,1774025648.2074285,190,64,15,3,95.5,35.93,20,12733
61,1774026255.1866152,190,61,23,3,95.3,33.34,20,14032
62,1774021440.9040465,193,62,17,2,96.9,35.4,20,12730
62,1774025651.2134404,193,64,15,3,95.5,34.99,20,13455
62,1774026258.1983383,193,61,24,3,95.3,32.31,20,14786
63,1774021443.95418,193,63,17,2,96.9,35.18,20,13101
63,1774025654.221411,193,64,15,3,95.5,34.24,20,14031
63,1774026261.2257457,193,62,24,3,95.4,32.22,20,15096
64,1774021446.9692483,196,64,19,2,97.0,33.54,20,14569
64,1774025657.2315986,196,64,15,5,92.8,33.19,20,14838
64,1774026264.2372065,196,62,26,3,95.4,30.92,20,16063
65,1774021449.9848797,196,64,19,2,97.0,32.88,20,15076
65,1774025660.2379582,196,64,15,5,92.8,32.56,20,15322
65,1774026267.2522483,196,62,26,4,93.9,30.12,20,16658
66,1774021453.0050628,199,66,19,2,97.1,33.69,20,14905
66,1774025663.2484107,199,64,15,6,91.4,31.31,20,16282
66,1774026270.265402,199,64,26,4,94.1,30.84,20,16643
67,1774021456.019938,199,69,19,2,97.2,34.84,20,14631
67,1774025666.2601972,199,67,15,6,91.8,32.25,20,16289
67,1774026273.2741966,199,67,26,4,94.4,32.0,20,16490
68,1774021459.0320315,202,69,19,2,97.2,33.88,20,15426
68,1774025669.2722695,202,67,17,6,91.8,31.24,20,17101
68,1774026276.2933092,202,67,27,4,94.4,31.74,20,16699
69,1774021462.048016,202,70,19,2,97.2,33.85,20,15674
69,1774025672.2892456,202,69,18,6,92.0,31.53,20,17371
69,1774026279.3136241,202,68,27,4,94.4,31.75,20,16940
70,1774021465.0639231,205,70,19,2,97.2,33.14,20,16271
70,1774025675.3140411,205,70,18,6,92.1,32.28,20,16993
70,1774026282.3302963,205,69,27,4,94.5,31.96,20,17015
71,1774021468.099779,205,70,19,2,97.2,32.59,20,16733
71,1774025678.3253691,205,72,18,6,92.3,32.67,20,17142
71,1774026285.3511286,205,69,27,4,94.5,31.49,20,17405
72,1774021471.1829603,208,70,19,2,97.2,32.1,20,17144
72,1774025681.3330402,208,72,18,6,92.3,32.44,20,17340
72,1774026288.4209833,208,70,27,4,94.6,32.38,20,16909
73,1774021474.1952348,208,70,19,2,97.2,31.66,20,17514
73,1774025684.434353,208,72,18,7,91.1,31.42,20,18222
73,1774026291.5208745,208,71,27,4,94.7,32.48,20,17066
74,1774021477.2137983,211,71,19,2,97.3,31.78,20,17662
74,1774025687.564178,211,74,19,7,91.4,31.74,20,18444
74,1774026294.5616243,211,74,27,4,94.9,33.36,20,17005
75,1774021480.2715497,211,72,19,2,97.3,31.94,20,17772
75,1774025690.574053,211,75,20,7,91.5,31.91,20,18540
75,1774026297.59256,211,75,27,4,94.9,33.38,20,17217
76,1774021483.3494747,214,72,19,2,97.3,31.78,20,17911
76,1774025693.587119,214,77,20,7,91.7,33.75,20,17334
76,1774026300.6174152,214,75,28,4,94.9,32.56,20,17955
77,1774021486.363704,214,74,19,2,97.4,32.43,20,17831
77,1774025696.598204,214,79,20,7,91.9,34.21,20,17348
77,1774026303.635994,214,77,28,4,95.1,33.02,20,18009
78,1774021489.373076,217,74,19,2,97.4,31.75,20,18435
78,1774025699.6111155,217,79,20,7,91.9,33.82,20,17718
78,1774026306.6503372,217,77,28,4,95.1,32.21,20,18757
79,1774021492.3891447,217,75,19,2,97.4,31.7,20,18729
79,1774025702.6241727,217,79,20,7,91.9,33.18,20,18325
79,1774026309.6612742,217,79,28,4,95.2,32.51,20,18960
80,1774021495.40088,220,76,19,2,97.4,31.67,20,19006
80,1774025705.6310868,220,81,20,7,92.0,33.14,20,18828
80,1774026312.6684785,220,80,28,4,95.2,33.02,20,18710
81,1774021498.4111524,220,76,19,2,97.4,31.14,20,19489
81,1774025708.6415286,220,81,20,7,92.0,32.55,20,19401
81,1774026315.6776052,220,80,28,4,95.2,32.28,20,19421
82,1774021501.4351325,223,77,19,2,97.5,31.84,20,19099
82,1774025711.6559443,223,84,20,7,92.3,34.34,20,18315
82,1774026318.6874204,223,81,28,4,95.3,32.43,20,19518
83,1774021504.4912574,223,78,19,2,97.5,31.79,20,19394
83,1774025714.6670895,223,85,20,7,92.4,34.17,20,18707
83,1774026321.697362,223,82,28,4,95.3,32.17,20,20015
84,1774021507.5763905,226,80,20,2,97.6,31.82,20,19862
84,1774025717.787963,226,86,21,7,92.5,32.84,20,20299
84,1774026324.7061458,226,84,28,4,95.5,33.06,20,19606
85,1774021510.5909255,226,82,21,3,96.5,30.61,20,21550
85,1774025720.9353042,226,89,21,7,92.7,33.75,20,20036
85,1774026327.7136407,226,86,28,4,95.6,33.24,20,19887
86,1774021513.6069376,229,82,21,3,96.5,31.22,20,20949
86,1774025723.9478698,229,89,21,7,92.7,33.14,20,20687
86,1774026330.720458,229,86,28,4,95.6,32.24,20,20919
87,1774021516.6586492,229,83,21,3,96.5,31.22,20,21205
87,1774025726.9641337,229,89,21,8,91.8,32.23,20,21659
87,1774026333.730659,229,88,28,4,95.7,32.57,20,21057
88,1774021519.7765112,232,84,22,3,96.6,31.11,20,21571
88,1774025729.9795177,232,90,22,8,91.8,31.65,20,22529
88,1774026336.844866,232,89,28,4,95.7,32.88,20,20965
89,1774021522.789009,232,86,22,3,96.6,31.57,20,21610
89,1774025732.9914465,232,92,22,8,92.0,32.13,20,22500
89,1774026339.9428883,232,92,28,4,95.8,33.9,20,20545
90,1774021525.8046303,235,86,22,3,96.6,31.24,20,21951
90,1774025736.0032873,235,92,22,8,92.0,31.74,20,22930
90,1774026342.9563923,235,92,29,4,95.8,33.05,20,21484
91,1774021528.9131005,235,88,22,3,96.7,31.75,20,21923
91,1774025739.0154614,235,93,22,8,92.1,31.61,20,23324
91,1774026345.9735792,235,93,30,4,95.9,32.53,20,22298
92,1774021531.9969306,238,89,22,3,96.7,31.97,20,21937
92,1774025742.0245945,238,93,22,8,92.1,31.67,20,23257
92,1774026348.9866173,238,93,30,5,94.9,31.8,20,23112
93,1774021535.0047686,238,90,22,3,96.8,32.23,20,21902
93,1774025745.034843,238,94,22,8,92.2,31.57,20,23620
93,1774026352.0006602,238,97,31,5,95.1,33.06,20,22640
94,1774021538.02057,241,92,22,3,96.8,33.09,20,21440
94,1774025748.049334,241,96,22,8,92.3,32.58,20,22959
94,1774026355.0105672,241,97,31,5,95.1,32.77,20,22977
95,1774021541.030928,241,93,23,3,96.9,33.44,20,21282
95,1774025751.1020753,241,97,22,8,92.4,32.46,20,23338
95,1774026358.0204577,241,97,31,5,95.1,32.21,20,23629
96,1774021544.0398676,244,95,25,3,96.9,35.16,20,19779
96,1774025754.2164705,244,98,23,8,92.5,33.07,20,22861
96,1774026361.0309098,244,99,31,5,95.2,33.81,20,22216
97,1774021547.0489175,244,95,25,4,96.0,34.76,20,20235
97,1774025757.2240865,244,98,23,9,91.6,32.17,20,23920
97,1774026364.0386605,244,99,31,5,95.2,33.18,20,22964
98,1774021550.1175377,247,96,25,4,96.0,34.94,20,20241
98,1774025760.2314503,247,98,25,9,91.6,30.09,20,26366
98,1774026367.0467758,247,100,31,5,95.2,33.83,20,22416
99,1774021553.2317755,247,96,25,7,93.2,33.31,20,22118
99,1774025763.240862,247,99,26,9,91.7,29.53,20,27300
99,1774026370.055119,247,101,31,5,95.3,33.78,20,22701
100,1774021556.2423651,250,98,25,7,93.3,33.59,20,22250
100,1774025766.2532947,250,100,27,9,91.7,29.02,20,28188
100,1774026373.0662346,250,102,32,5,95.3,34.41,20,22154
101,1774021559.2577517,250,99,25,7,93.4,33.77,20,22263
101,1774025769.2621253,250,101,27,9,91.8,28.96,20,28543
101,1774026376.075421,250,104,32,5,95.4,34.91,20,21965
102,1774021562.2700276,253,99,26,7,93.4,32.73,20,23499
102,1774025772.2738576,253,102,27,9,91.9,28.98,20,28801
102,1774026379.0885062,253,105,33,5,95.5,34.31,20,22932
103,1774021565.2848105,253,100,26,8,92.6,32.7,20,23772
103,1774025775.2864501,253,104,27,9,92.0,29.44,20,28791
103,1774026382.099326,253,105,33,6,94.6,33.02,20,24557
104,1774021568.294255,256,101,27,9,91.8,31.55,20,25404
104,1774025778.294297,256,106,27,9,92.2,30.55,20,27933
104,1774026385.1114216,256,105,33,6,94.6,32.62,20,25061
105,1774021571.4522767,256,104,29,9,92.0,32.06,20,25522
105,1774025781.374018,256,109,27,9,92.4,31.78,20,27115
105,1774026388.1261654,256,106,33,6,94.6,32.49,20,25465
106,1774021574.5191228,259,105,29,9,92.1,32.23,20,25553
106,1774025784.4750605,259,110,28,9,92.4,32.74,20,26096
106,1774026391.1354194,259,106,34,6,94.6,31.5,20,26725
107,1774021577.5309684,259,105,29,9,92.1,31.88,20,25994
107,1774025787.4902341,259,112,28,9,92.6,33.47,20,25590
107,1774026394.1488302,259,107,34,6,94.7,31.52,20,26951
108,1774021580.5459783,262,105,29,9,92.1,31.48,20,26498
108,1774025790.506881,262,113,28,9,92.6,33.46,20,25832
108,1774026397.1608677,262,108,34,6,94.7,32.02,20,26555
109,1774021583.5606637,262,107,30,9,92.2,32.08,20,26232
109,1774025793.515386,262,114,28,9,92.7,33.55,20,25937
109,1774026400.1710377,262,109,34,6,94.8,32.09,20,26709
110,1774021586.5732803,265,108,30,10,91.5,31.16,20,27670
110,1774025796.5284085,265,114,28,9,92.7,33.78,20,25623
110,1774026403.183529,265,111,34,6,94.9,32.76,20,26307
111,1774021589.589376,265,108,31,10,91.5,30.4,20,28655
111,1774025799.569764,265,114,28,9,92.7,33.33,20,26238
111,1774026406.2033966,265,112,35,7,94.1,32.32,20,27135
112,1774021592.6647835,268,110,31,10,91.7,32.67,20,26189
112,1774025802.670894,268,115,29,9,92.7,33.47,20,26275
112,1774026409.21201,268,113,36,7,94.2,33.42,20,25886
113,1774021595.7321131,268,111,31,10,91.7,33.09,20,25867
113,1774025805.687008,268,115,29,9,92.7,33.04,20,26869
113,1774026412.2203252,268,113,36,8,93.4,32.68,20,26889
114,1774021598.751761,271,113,32,10,91.9,33.43,20,25872
114,1774025808.7108278,271,116,29,9,92.8,32.8,20,27436
114,1774026415.2322772,271,115,36,8,93.5,34.48,20,24881
115,1774021601.811141,271,114,32,10,91.9,33.85,20,25527
115,1774025811.7309709,271,117,29,9,92.9,33.0,20,27392
115,1774026418.2366457,271,115,36,8,93.5,34.09,20,25420
116,1774021604.8981032,274,116,34,10,92.1,34.35,20,25279
116,1774025814.7474296,274,117,29,9,92.9,33.2,20,27111
116,1774026421.2436533,274,115,36,10,92.0,33.16,20,26703
117,1774021607.9179535,274,116,34,11,91.3,33.46,20,26518
117,1774025817.7609434,274,117,29,9,92.9,32.91,20,27518
117,1774026424.250262,274,116,36,10,92.1,33.37,20,26643
118,1774021610.9355357,277,117,35,11,91.4,34.24,20,25651
118,1774025820.789767,277,120,29,9,93.0,34.94,20,25301
118,1774026427.3940125,277,118,38,10,92.2,33.82,20,26465
119,1774021613.947802,277,117,36,13,90.0,32.63,20,27912
119,1774025823.8065457,277,124,29,9,93.2,37.16,20,22841
119,1774026430.4503925,277,118,38,11,91.5,33.03,20,27584
120,1774021616.9562752,280,117,36,13,90.0,32.79,20,27687
120,1774025826.8234494,280,125,30,9,93.3,38.58,20,20895
120,1774026433.4557686,280,120,39,11,91.6,34.17,20,26410
121,1774021619.9674504,280,118,36,13,90.1,33.11,20,27470
121,1774025829.8452823,280,127,30,9,93.4,39.46,20,19888
121,1774026436.4606683,280,120,39,11,91.6,33.84,20,26885
122,1774021622.9831843,283,120,36,13,90.2,34.24,20,26309
122,1774025832.9037895,283,127,30,9,93.4,39.15,20,20361
122,1774026439.4708073,283,120,39,11,91.6,33.81,20,26928
123,1774021625.9987817,283,121,36,13,90.3,34.67,20,25904
123,1774025835.9196942,283,129,31,9,93.5,39.46,20,20201
123,1774026442.4789124,283,121,40,11,91.7,34.11,20,26717
124,1774021629.0162687,286,121,36,13,90.3,35.11,20,25265
124,1774025838.929761,286,131,32,9,93.6,39.19,20,20939
124,1774026445.4838843,286,121,40,11,91.7,33.84,20,27109
125,1774021632.0653102,286,122,36,13,90.4,35.54,20,24844
125,1774025842.0036924,286,132,33,9,93.6,38.55,20,22113
125,1774026448.4923952,286,122,40,11,91.7,34.21,20,26791
126,1774021635.1337547,289,123,36,13,90.4,36.32,20,23896
126,1774025845.0204897,289,133,33,9,93.7,38.62,20,22168
126,1774026451.6736493,289,125,40,11,91.9,35.33,20,25770
127,1774021638.1453805,289,124,36,13,90.5,36.75,20,23451
127,1774025848.1112857,289,134,33,9,93.7,38.49,20,22544
127,1774026454.6988306,289,126,40,11,92.0,35.6,20,25568
128,1774021641.1574469,292,125,38,13,90.6,37.15,20,23040
128,1774025851.1825893,292,135,36,9,93.8,36.6,20,25774
128,1774026457.719727,292,128,43,11,92.1,37.25,20,23439
129,1774021644.1742852,292,126,38,14,90.0,36.56,20,24116
129,1774025854.1997356,292,135,36,9,93.8,35.87,20,26957
129,1774026460.732867,292,130,43,11,92.2,37.94,20,22729
130,1774021647.1880972,295,127,38,14,90.1,39.51,20,19812
130,1774025857.2449424,295,135,36,9,93.8,35.21,20,28026
130,1774026463.7481005,295,131,44,11,92.3,38.56,20,21929
131,1774021650.2048297,295,129,39,14,90.2,40.45,20,18669
131,1774025860.314404,295,136,36,9,93.8,35.13,20,28364
131,1774026466.7980783,295,132,44,11,92.3,38.41,20,22334
132,1774021653.2218153,298,130,39,14,90.3,41.28,20,17519
132,1774025863.3310537,298,137,36,9,93.8,35.75,20,27553
132,1774026469.8902073,298,133,44,11,92.4,38.42,20,22488
133,1774021656.2346103,298,131,39,15,89.7,41.54,20,17245
133,1774025866.349387,298,137,36,9,93.8,35.07,20,28671
133,1774026472.9004188,298,134,44,13,91.2,38.27,20,22898
134,1774021659.2483602,301,131,39,16,89.1,40.91,20,18235
134,1774025869.4404633,301,137,36,9,93.8,34.45,20,29691
134,1774026475.9100916,301,136,44,13,91.3,39.42,20,21363
135,1774021662.2654557,301,132,39,16,89.2,41.03,20,18184
135,1774025872.5577755,301,138,36,9,93.9,34.44,20,29924
135,1774026478.9180837,301,136,45,13,91.3,38.35,20,23109
136,1774021665.2798536,304,132,39,16,89.2,40.43,20,19135
136,1774025875.5732942,304,139,36,9,93.9,34.72,20,29674
136,1774026481.9282165,304,137,45,13,91.3,38.77,20,22589
137,1774021668.2972226,304,133,40,18,88.1,39.09,20,21418
137,1774025878.640506,304,139,36,10,93.3,34.02,20,30841
137,1774026484.938702,304,137,45,13,91.3,37.78,20,24216
138,1774021671.3154588,307,133,40,19,87.5,38.77,20,21929
138,1774025881.737344,307,139,36,10,93.3,33.56,20,31609
138,1774026487.9540274,307,139,45,13,91.4,38.6,20,23202
139,1774021674.3290951,307,135,40,19,87.7,39.64,20,20849
139,1774025884.751436,307,139,36,10,93.3,33.07,20,32426
139,1774026490.9659226,307,139,45,14,90.8,37.24,20,25470
140,1774021677.343305,310,136,40,19,87.7,41.0,20,18784
140,1774025887.7650912,310,139,36,10,93.3,32.61,20,33193
140,1774026982.5770054,310,140,46,14,90.9,36.61,20,26712
141,1774021680.5051131,310,137,42,20,87.3,40.25,20,20155
141,1774025890.7789593,310,141,36,10,93.4,33.27,20,32554
141,1774026985.597351,310,141,46,14,91.0,36.27,20,27478
142,1774021683.5746465,313,138,42,20,87.3,40.41,20,20038
142,1774025893.7875228,313,142,36,10,93.4,33.52,20,32359
142,1774026988.6210225,313,141,46,14,91.0,34.96,20,29695
143,1774021686.587265,313,139,43,20,87.4,40.52,20,19999
143,1774025896.794116,313,144,36,10,93.5,34.37,20,31346
143,1774026991.6379676,313,142,47,14,91.0,34.07,20,31422
144,1774021689.6535115,316,140,43,20,87.5,40.36,20,20412
144,1774025899.9013343,316,145,36,10,93.5,34.17,20,31912
144,1774026994.6904967,316,142,47,14,91.0,34.07,20,31422
145,1774021692.7367933,316,141,43,20,87.6,40.25,20,20744
145,1774025903.0461977,316,146,36,10,93.6,34.28,20,31939
145,1774026997.803253,316,142,47,14,91.0,33.3,20,32734
146,1774021695.7510793,319,141,43,20,87.6,39.94,20,21268
146,1774025906.0528972,319,146,36,10,93.6,33.85,20,32692
146,1774027191.788629,319,144,47,14,91.1,34.5,20,31121
147,1774021698.9278934,319,142,45,21,87.1,39.35,20,22425
147,1774025909.1075854,319,147,36,10,93.6,33.93,20,32775
147,1774027194.8580544,319,145,47,14,91.2,34.36,20,31581
148,1774021702.0055509,322,142,47,21,87.1,37.61,20,25390
148,1774025912.1757057,322,150,36,10,93.8,34.1,20,33138
148,1774027198.066893,322,146,47,15,90.7,33.66,20,33025
149,1774021705.0234923,322,143,48,21,87.2,37.06,20,26512
149,1774025915.1915052,322,150,36,11,93.2,33.5,20,34218
149,1774027201.0925722,322,146,47,15,90.7,33.08,20,34041
150,1774021708.0427732,325,143,48,21,87.2,35.93,20,28451
150,1774025918.2032416,325,151,36,11,93.2,34.22,20,33141
150,1774027204.1149676,325,146,48,15,90.7,32.37,20,35285
151,1774021711.0584986,325,143,48,21,87.2,35.3,20,29532
151,1774025921.2137842,325,152,36,11,93.3,34.17,20,33452
151,1774027207.1332405,325,149,49,15,90.9,33.52,20,33954
152,1774021714.070364,328,144,48,21,87.3,35.2,20,29912
152,1774025924.2276087,328,152,36,11,93.3,33.65,20,34401
152,1774027210.15371,328,150,49,15,90.9,34.66,20,32130
153,1774021717.0771337,328,146,48,21,87.4,35.82,20,29241
153,1774025927.2395205,328,154,36,11,93.3,34.33,20,33597
153,1774027213.2448814,328,150,50,15,90.9,34.28,20,32814
154,1774021720.146782,331,147,48,21,87.5,37.15,20,27095
154,1774025930.245312,331,154,36,11,93.3,33.8,20,34576
154,1774027216.3288434,331,154,52,15,91.1,35.53,20,31379
155,1774021723.3418481,331,149,50,21,87.6,37.42,20,26981
155,1774025933.250921,331,156,36,11,93.4,34.59,20,33546
155,1774027219.3430195,331,155,53,15,91.2,34.63,20,33257
156,1774021726.360145,334,150,50,21,87.7,37.66,20,26730
156,1774025936.2588286,334,156,36,11,93.4,33.3,20,35961
156,1774027222.3602777,334,157,55,15,91.3,34.33,20,34251
157,1774021729.3824773,334,150,50,21,87.7,37.08,20,27774
157,1774025939.2867703,334,156,36,11,93.4,32.94,20,36635
157,1774027225.441368,334,157,56,15,91.3,33.89,20,35080
158,1774021732.3960972,337,151,50,21,87.8,36.86,20,28358
158,1774025942.3689666,337,158,36,11,93.5,33.73,20,35607
158,1774027228.5424356,337,158,56,15,91.3,35.57,20,32118
159,1774021735.6418984,337,151,50,21,87.8,36.39,20,29209
159,1774025945.3756733,337,160,36,11,93.6,34.48,20,34618
159,1774027231.555426,337,159,56,15,91.4,35.54,20,32379
160,1774021738.851418,340,152,50,21,87.9,36.33,20,29512
160,1774025948.3973434,340,160,36,11,93.6,35.11,20,33408
160,1774027234.562175,340,159,56,15,91.4,35.03,20,33352
161,1774021741.9535172,340,153,50,21,87.9,36.5,20,29394
161,1774025951.4076767,340,160,36,11,93.6,34.62,20,34349
161,1774027237.5745783,340,159,56,16,90.9,34.42,20,34516
162,1774021744.99071,343,154,51,21,88.0,35.89,20,30714
162,1774025954.4136114,343,163,36,11,93.7,36.94,20,30455
162,1774027240.5917645,343,159,57,18,89.8,33.0,20,37225
163,1774021748.0339196,343,154,51,21,88.0,35.35,20,31712
163,1774025957.419749,343,164,36,11,93.7,36.99,20,30543
163,1774027243.6103702,343,160,57,18,89.9,33.12,20,37229
164,1774021751.0628388,346,156,51,21,88.1,37.1,20,28848
164,1774025960.5265088,346,166,36,11,93.8,38.16,20,28585
164,1774027246.6867769,346,160,57,19,89.4,32.27,20,38861
165,1774021755.4850097,346,156,51,22,87.6,36.31,20,30326
165,1774025963.6375785,346,167,36,12,93.3,37.87,20,29339
165,1774027249.785875,346,163,58,19,89.6,32.89,20,38377
166,1774021759.3751316,349,156,51,22,87.6,35.47,20,31899
166,1774025966.6596553,349,167,36,12,93.3,38.53,20,28016
166,1774027252.7998908,349,163,58,19,89.6,32.11,20,39902
167,1774021766.1170154,349,156,51,22,87.6,34.95,20,32872
167,1774025969.6857357,349,167,36,13,92.8,37.57,20,29940
167,1774027255.8202748,349,163,58,19,89.6,31.62,20,40861
168,1774021769.4782498,352,158,51,22,87.8,37.16,20,29104
168,1774025972.7083416,352,168,37,13,92.8,38.38,20,28486
168,1774027258.8386557,352,165,59,19,89.7,32.0,20,40610
169,1774021774.4457848,352,158,51,23,87.3,36.38,20,30582
169,1774025975.7323236,352,168,38,14,92.3,37.82,20,29615
169,1774027261.8570962,352,165,59,20,89.2,31.28,20,42035
170,1774021777.4766793,355,160,55,26,86.0,34.63,20,34330
170,1774025978.7558172,355,169,39,14,92.3,38.5,20,28412
170,1774027264.869997,355,169,59,20,89.4,32.98,20,39607
171,1774021780.497569,355,160,55,26,86.0,34.19,20,35174
171,1774025981.7763739,355,169,40,15,91.8,36.93,20,31596
171,1774027267.885487,355,169,59,20,89.4,32.41,20,40763
172,1774021783.537586,358,160,55,26,86.0,34.32,20,34925
172,1774025984.7957876,358,170,41,15,91.9,37.46,20,30702
172,1774027270.9001656,358,172,59,20,89.6,34.3,20,37585
173,1774021786.5595067,358,161,56,26,86.1,34.08,20,35607
173,1774025987.825207,358,174,43,15,92.1,37.88,20,30547
173,1774027273.922616,358,174,59,20,89.7,34.72,20,37146
174,1774021791.2177403,361,162,56,26,86.2,33.45,20,37053
174,1774027276.9421103,361,175,59,20,89.7,34.48,20,37863
175,1774021794.2491422,361,162,56,26,86.2,33.21,20,37519
175,1774027279.9506078,361,175,60,20,89.7,33.28,20,40383
176,1774021797.3000727,364,163,56,26,86.2,34.03,20,36147
176,1774027282.998785,364,175,60,20,89.7,33.17,20,40614
177,1774021800.3123126,364,166,56,26,86.5,35.48,20,33924
177,1774027286.0953894,364,176,60,20,89.8,33.34,20,40487
178,1774021803.3241117,367,166,56,26,86.5,35.98,20,32928
178,1774027289.228572,367,178,61,20,89.9,35.01,20,37380
179,1774021806.3373113,367,167,56,26,86.5,36.29,20,32505
179,1774027292.3295913,367,180,61,20,90.0,35.89,20,35899
180,1774021809.3560438,370,170,56,26,86.7,38.26,20,29070
180,1774027295.3395758,370,182,61,20,90.1,36.67,20,34595
181,1774021812.3722486,370,170,56,26,86.7,37.81,20,29988
181,1774027298.410345,370,182,61,20,90.1,36.21,20,35599
182,1774021815.3890252,373,171,58,26,86.8,37.7,20,30390
182,1774027301.5115542,373,182,61,20,90.1,35.81,20,36473
183,1774021818.4042923,373,171,58,27,86.4,36.73,20,32381
183,1774027304.66273,373,186,62,20,90.3,37.88,20,32654
184,1774021821.42036,376,171,58,27,86.4,35.97,20,33940
184,1774027307.760958,376,186,63,20,90.3,36.78,20,35109
185,1774021824.4354572,376,172,59,27,86.4,36.43,20,33189
185,1774027310.8140411,376,187,63,20,90.3,36.87,20,35096
186,1774021827.4511373,379,173,59,27,86.5,36.79,20,32635
186,1774027313.927176,379,187,63,20,90.3,37.01,20,34782
187,1774021830.4690282,379,174,59,27,86.6,36.88,20,32635
187,1774027316.9348292,379,188,63,20,90.4,37.19,20,34562
188,1774021833.4824064,382,175,59,27,86.6,36.77,20,33054
188,1774027319.9584062,382,189,63,21,90.0,36.91,20,35381
189,1774021836.497937,382,176,59,27,86.7,36.77,20,33243
189,1774027322.9690084,382,189,63,21,90.0,36.58,20,36129
190,1774021839.5857463,385,177,59,27,86.8,36.77,20,33432
190,1774027326.2003028,385,189,63,21,90.0,36.28,20,36810
191,1774021842.6684916,385,178,60,27,86.8,36.52,20,34155
191,1774027329.2959943,385,189,63,22,89.6,35.68,20,38170
192,1774021845.7117386,388,178,61,28,86.4,36.15,20,34945
192,1774027332.398986,388,190,63,22,89.6,35.78,20,38144
193,1774021848.8544428,388,179,61,28,86.5,36.24,20,34948
193,1774027335.4976206,388,190,63,23,89.2,35.57,20,38623
194,1774021851.924095,391,179,61,28,86.5,36.61,20,34153
194,1774027338.641155,391,191,63,23,89.3,35.62,20,38712
195,1774021854.9376533,391,183,61,28,86.7,38.57,20,30612
195,1774027341.7903502,391,192,63,23,89.3,35.89,20,38292
196,1774021858.0903454,394,184,63,28,86.8,37.15,20,33915
197,1774021861.2089906,394,184,64,28,86.8,35.89,20,36697
198,1774021864.2227156,397,184,64,28,86.8,35.7,20,37116
199,1774021867.4305263,397,185,66,29,86.4,34.75,20,39427
200,1774021870.513983,400,185,66,29,86.4,34.47,20,40049
201,1774021873.5348892,400,187,68,29,86.6,34.28,20,40908
202,1774021876.7152646,403,190,70,29,86.8,35.35,20,39125
203,1774021879.768184,403,191,71,29,86.8,35.44,20,39124
204,1774021882.7836597,406,191,71,29,86.8,35.19,20,39697
205,1774021885.79256,406,191,71,29,86.8,34.58,20,41096
206,1774021888.8082373,409,192,71,29,86.9,34.43,20,41656
207,1774021891.8194997,409,193,72,29,86.9,34.75,20,41132
208,1774021894.9039981,412,193,72,29,86.9,34.23,20,42336
209,1774021898.0776258,412,194,73,29,87.0,34.73,20,41392
210,1774021901.2679415,420,195,73,29,87.1,34.93,20,41137
211,1774021904.3242059,420,196,74,29,87.1,35.49,20,40031
212,1774021907.3325906,428,196,74,29,87.1,35.46,20,40102
213,1774021910.4053092,428,196,74,30,86.7,34.88,20,41466
214,1774021913.5599413,436,198,74,30,86.8,37.22,20,36329
215,1774021916.6606324,436,200,76,31,86.6,36.22,20,39096
216,1774021919.696455,437,202,76,31,86.7,36.32,20,39245
217,1774021922.7948723,437,202,78,31,86.7,34.48,20,43705
218,1774021925.8643217,438,203,78,31,86.8,33.78,20,45626
219,1774021928.963113,438,204,78,31,86.8,33.38,20,46830
220,1774021931.9879646,450,204,78,31,86.8,34.17,20,44896
221,1774021935.070062,450,204,78,32,86.4,33.18,20,47320
222,1774021938.1489518,462,207,78,32,86.6,34.71,20,44215
223,1774021941.1632257,462,208,78,32,86.7,35.05,20,43580
224,1774021944.1705997,474,208,78,32,86.7,35.13,20,43380
225,1774021947.2416236,474,208,78,33,86.3,34.54,20,44853
226,1774021950.3449185,486,208,78,33,86.3,34.7,20,44454
227,1774021953.5723715,486,208,78,33,86.3,34.46,20,45053
228,1774021956.7387152,498,208,78,33,86.3,34.22,20,45652
229,1774021959.8498144,498,210,78,33,86.4,35.11,20,43848
230,1774021962.9158137,510,210,78,33,86.4,34.98,20,44176
231,1774021965.9838238,510,210,78,34,86.1,34.37,20,45713
232,1774021969.0730684,522,211,78,34,86.1,35.82,20,42259
233,1774021972.170452,522,211,78,34,86.1,35.58,20,42867
234,1774021975.2304087,525,211,78,34,86.1,34.98,20,44386
235,1774021978.3450055,525,212,78,34,86.2,34.99,20,44571
236,1774021981.3658528,528,215,78,34,86.3,37.43,20,38906
237,1774021984.3780334,528,216,78,34,86.4,37.5,20,38906
238,1774021987.3984642,531,218,78,34,86.5,37.68,20,38795
239,1774021990.5180433,531,220,79,34,86.6,38.01,20,38280
240,1774021993.606085,534,221,80,34,86.7,37.6,20,39541
241,1774021996.621866,534,224,80,34,86.8,38.83,20,36772
242,1774021999.6361313,537,225,80,34,86.9,38.58,20,37611
243,1774022002.648015,537,226,80,34,86.9,38.49,20,38022
244,1774022005.698095,540,226,80,34,86.9,38.14,20,38971
245,1774022008.8330805,540,226,80,35,86.6,37.28,20,41304
246,1774022011.8518245,543,228,81,35,86.7,38.56,20,38167
247,1774022014.9035559,543,229,81,35,86.7,38.43,20,38692
248,1774022017.9859266,546,230,81,35,86.8,37.92,20,40268
249,1774022021.0228252,546,232,81,35,86.9,38.33,20,39477
250,1774022024.0395825,549,232,81,35,86.9,38.24,20,39728
251,1774022027.0549016,549,233,82,37,86.3,37.05,20,43226
252,1774022030.1828508,552,233,82,38,86.0,36.48,20,44820
253,1774022033.330801,552,235,83,38,86.1,37.2,20,43174
254,1774022036.4240863,555,235,83,39,85.8,35.41,20,48222
255,1774022039.5874116,555,237,83,39,85.9,35.74,20,47694
256,1774022044.4566138,558,238,83,39,85.9,35.92,20,47381
257,1774022047.493195,558,238,83,39,85.9,35.21,20,49409
258,1774022050.655659,561,238,83,39,85.9,34.96,20,50123
259,1774022053.7506557,561,238,83,41,85.3,33.63,20,53921
260,1774022057.4482226,564,238,83,41,85.3,32.97,20,55806
261,1774022060.5309246,564,240,83,41,85.4,33.54,20,54634
